url,status,title,h1,canonical,words,meta_desc
https://consultoretias.github.io/Simulador-ETIAS-/representacion-etias.html,404,Site not found · GitHub Pages,404,MISSING,43,MISSING
https://consultoretias.github.io/Simulador-ETIAS-/etias-audit-log.html,404,Site not found · GitHub Pages,404,MISSING,43,MISSING
https://etias.netlify.app/etias-abogados-notarios.html,200,ETIAS para abogados latinoamericanos: congresos y arbitrajes en Europa,ETIAS para Abogados y Notarios: Viajes Profesionales a Europa,https://consultoretias.github.io/Simulador-ETIAS-/etias-abogados-notarios.html,414,"Guía ETIAS para abogados y notarios latinoamericanos que viajan a Europa para arbitrajes internacionales, congresos jurídicos y asesoría a clientes."
https://etias.netlify.app/etias-adulto-mayor.html,200,ETIAS para adultos mayores: guía paso a paso,ETIAS para Adultos Mayores: Guía Simplificada,https://consultoretias.github.io/Simulador-ETIAS-/etias-adulto-mayor.html,383,"Guía clara y sencilla sobre ETIAS para viajeros mayores de 60 años. Exenciones de pago, proceso simplificado y recomendaciones."
https://etias.netlify.app/etias-adultos-mayores.html,200,ETIAS para adultos mayores 2026 | ETIAS Consultant Simulator,ETIAS para adultos mayores 2026,https://consultoretias.github.io/Simulador-ETIAS-/etias-adultos-mayores.html,379,"Guía completa ETIAS 2026 para adultos mayores. Requisitos, costos, tiempos y simulador gratuito. Obligatorio desde Q4 2026."
https://etias.netlify.app/etias-aguascalientes.html,200,ETIAS Aguascalientes 2026 | ETIAS Consultant Simulator,ETIAS Aguascalientes 2026,https://consultoretias.github.io/Simulador-ETIAS-/etias-aguascalientes.html,373,"Guía completa ETIAS 2026 para ciudadanos de Aguascalientes. Requisitos, costos, tiempos y simulador gratuito. Obligatorio desde Q4 2026."
https://etias.netlify.app/etias-argentina-adultos-mayores.html,200,ETIAS para Adultos Mayores Argentinos: Todo lo que Necesitas Saber,ETIAS para Adultos Mayores con Pasaporte Argentino,https://consultoretias.github.io/Simulador-ETIAS-/etias-argentina-adultos-mayores.html,371,"Guía simplificada de ETIAS para argentinos mayores de 70 años. Exenciones, proceso y recomendaciones."
https://etias.netlify.app/etias-argentina-buenos-aires.html,200,ETIAS desde Buenos Aires 2026 | Guía para Viajeros Porteños,ETIAS para Viajeros de Buenos Aires hacia Europa,https://consultoretias.github.io/Simulador-ETIAS-/etias-argentina-buenos-aires.html,377,"Guía ETIAS específica para residentes de Buenos Aires. Aeropuertos, vuelos a Europa y proceso de autorización."
https://etias.netlify.app/etias-argentina-como-solicitar.html,200,Cómo Solicitar ETIAS desde Argentina 2026 | Guía Paso a Paso,Cómo Solicitar ETIAS si Eres Argentino,https://consultoretias.github.io/Simulador-ETIAS-/etias-argentina-como-solicitar.html,365,"Guía paso a paso para solicitar ETIAS con pasaporte de Argentina. Proceso online, documentos necesarios y tiempos de respuesta."
https://etias.netlify.app/etias-argentina-cordoba.html,200,ETIAS desde Córdoba Argentina 2026 | Guía para Viajeros,ETIAS para Viajeros de Córdoba hacia Europa,https://consultoretias.github.io/Simulador-ETIAS-/etias-argentina-cordoba.html,368,"Todo sobre ETIAS para residentes de Córdoba, Argentina que planean viajar a Europa en 2026."
https://etias.netlify.app/etias-argentina-costo.html,200,¿Cuánto Cuesta ETIAS para Argentinos? Precio 2026,Costo de ETIAS para Pasaporte Argentino,https://consultoretias.github.io/Simulador-ETIAS-/etias-argentina-costo.html,389,Precio oficial de ETIAS para ciudadanos de Argentina: €7 euros. Equivalencia en pesos y métodos de pago aceptados.
https://etias.netlify.app/etias-argentina-espana.html,200,ETIAS para Argentinos que Viajan a España 2026,ETIAS Argentina → España: Todo lo que Necesitas Saber,https://consultoretias.github.io/Simulador-ETIAS-/etias-argentina-espana.html,381,¿Planeas ir a España con pasaporte argentino? Guía completa sobre ETIAS para la ruta Argentina–España en 2026.
https://etias.netlify.app/etias-argentina-estudios.html,200,ETIAS para Estudiantes Argentinos en Europa 2026,ETIAS para Estudiantes con Pasaporte Argentino,https://consultoretias.github.io/Simulador-ETIAS-/etias-argentina-estudios.html,393,¿Eres estudiante argentino y planeas ir a Europa? Conoce si ETIAS cubre cursos cortos y programas de intercambio.
https://etias.netlify.app/etias-argentina-italia.html,200,ETIAS para Argentinos que Viajan a Italia 2026,ETIAS Argentina → Italia: Guía Completa,https://consultoretias.github.io/Simulador-ETIAS-/etias-argentina-italia.html,383,"¿Quieres visitar Roma, Milán o Venecia con pasaporte argentino? Todo sobre ETIAS para la ruta Argentina–Italia."
https://etias.netlify.app/etias-argentina-menores.html,200,ETIAS para Menores Argentinos: Guía para Familias 2026,ETIAS para Menores de Edad con Pasaporte Argentino,https://consultoretias.github.io/Simulador-ETIAS-/etias-argentina-menores.html,402,¿Viajas a Europa con tus hijos argentinos? Guía completa sobre ETIAS para menores de edad en 2026.
https://etias.netlify.app/etias-argentina-negocios.html,200,ETIAS para Viajes de Negocios desde Argentina a Europa 2026,ETIAS para Viajeros de Negocios Argentinos,https://consultoretias.github.io/Simulador-ETIAS-/etias-argentina-negocios.html,394,¿Viajas a Europa por negocios con pasaporte argentino? ETIAS cubre visitas de negocios de corta duración.
https://etias.netlify.app/etias-argentina-paises-cubiertos.html,200,¿A Qué Países de Europa Puedo Entrar con ETIAS? Guía Argentina,Países Cubiertos por ETIAS para Argentinos,https://consultoretias.github.io/Simulador-ETIAS-/etias-argentina-paises-cubiertos.html,382,Lista completa de los 30 países del espacio Schengen a los que puedes entrar con ETIAS teniendo pasaporte argentino.
https://etias.netlify.app/etias-argentina-preguntas-frecuentes.html,200,Preguntas Frecuentes ETIAS para Argentinos 2026 | FAQ Completo,FAQ: Todo sobre ETIAS para Ciudadanos de Argentina,https://consultoretias.github.io/Simulador-ETIAS-/etias-argentina-preguntas-frecuentes.html,447,Respuestas a las preguntas más frecuentes sobre ETIAS para viajeros con pasaporte argentino.
https://etias.netlify.app/etias-argentina-rechazo.html,200,¿Me Pueden Rechazar ETIAS si Soy Argentino? Causas y Soluciones,Causas de Rechazo de ETIAS para Pasaporte Argentino,https://consultoretias.github.io/Simulador-ETIAS-/etias-argentina-rechazo.html,394,Conoce las causas de rechazo de ETIAS para ciudadanos de Argentina y qué hacer si tu solicitud es denegada.
https://etias.netlify.app/etias-argentina-requisitos.html,200,Requisitos ETIAS para Argentinos 2026 | Lista Completa,Requisitos ETIAS para Ciudadanos Argentinos,https://consultoretias.github.io/Simulador-ETIAS-/etias-argentina-requisitos.html,388,Lista completa de requisitos para solicitar ETIAS con pasaporte de Argentina en 2026.
https://etias.netlify.app/etias-argentina-tiempo-respuesta.html,200,¿Cuánto Tarda ETIAS para Argentinos? Tiempo de Respuesta 2026,Tiempo de Respuesta ETIAS para Ciudadanos de Argentina,https://consultoretias.github.io/Simulador-ETIAS-/etias-argentina-tiempo-respuesta.html,385,ETIAS responde en minutos para la mayoría de los argentinos. Conoce los tiempos exactos y qué hacer si hay demoras.
https://etias.netlify.app/etias-argentina-turismo.html,200,ETIAS para Turismo en Europa con Pasaporte Argentino 2026,ETIAS para Turistas Argentinos en Europa,https://consultoretias.github.io/Simulador-ETIAS-/etias-argentina-turismo.html,372,¿Planeas viajar a Europa como turista con pasaporte argentino? Todo sobre ETIAS para turismo en 2026.
https://etias.netlify.app/etias-argentina-vigencia.html,200,¿Cuánto Dura ETIAS para Argentinos? Vigencia y Renovación 2026,Vigencia de ETIAS para Pasaporte Argentino,https://consultoretias.github.io/Simulador-ETIAS-/etias-argentina-vigencia.html,403,ETIAS para argentinos tiene vigencia de 3 años o hasta que venza el pasaporte. Todo sobre renovación y múltiples entradas.
https://etias.netlify.app/etias-argentina-vs-visa.html,200,ETIAS vs Visa Schengen para Argentinos: ¿Cuál Necesito?,ETIAS vs Visa Schengen: Guía para Ciudadanos Argentinos,https://consultoretias.github.io/Simulador-ETIAS-/etias-argentina-vs-visa.html,402,¿Necesitas visa o ETIAS para ir a Europa con pasaporte argentino? Comparativa clara para 2026.
https://etias.netlify.app/etias-argentina.html,200,ETIAS Argentina 2026 | Autorización de Viaje a Europa para Argentinos,ETIAS Argentina 2026,https://consultoretias.github.io/Simulador-ETIAS-/etias-argentina.html,343,"Todo lo que necesitas saber sobre ETIAS si tienes pasaporte argentino. Requisitos, costos y simulador gratuito."
https://etias.netlify.app/etias-arquitectos-disenadores.html,200,ETIAS para arquitectos y diseñadores latinoamericanos en Europa,ETIAS para Arquitectos y Diseñadores: Europa como Destino Profesional,https://consultoretias.github.io/Simulador-ETIAS-/etias-arquitectos-disenadores.html,424,"Guía ETIAS para arquitectos, diseñadores gráficos e industriales latinoamericanos que viajan a Europa por proyectos y eventos profesionales."
https://etias.netlify.app/etias-artistas-gira.html,200,ETIAS para artistas y músicos latinoamericanos en gira por Europa,ETIAS para Artistas y Músicos: Giras y Actuaciones en Europa,https://consultoretias.github.io/Simulador-ETIAS-/etias-artistas-gira.html,425,"Guía ETIAS para artistas, músicos y performers latinoamericanos que realizan giras o presentaciones en Europa en 2026."
https://etias.netlify.app/etias-audit-log.html,200,ETIAS · Audit Log — Trazabilidad de Expedientes,MISSING,MISSING,213,MISSING
https://etias.netlify.app/etias-baja-california-sur.html,200,ETIAS Baja California Sur 2026 | ETIAS Consultant Simulator,ETIAS Baja California Sur 2026,https://consultoretias.github.io/Simulador-ETIAS-/etias-baja-california-sur.html,387,"Guía completa ETIAS 2026 para ciudadanos de Baja California Sur. Requisitos, costos, tiempos y simulador gratuito. Obligatorio desde Q4 2026."
https://etias.netlify.app/etias-baja-california.html,200,ETIAS Baja California 2026 | ETIAS Consultant Simulator,ETIAS Baja California 2026,https://consultoretias.github.io/Simulador-ETIAS-/etias-baja-california.html,380,"Guía completa ETIAS 2026 para ciudadanos de Baja California. Requisitos, costos, tiempos y simulador gratuito. Obligatorio desde Q4 2026."
https://etias.netlify.app/etias-bolivia.html,200,ETIAS Bolivia 2026 | ETIAS Consultant Simulator,ETIAS Bolivia 2026,https://consultoretias.github.io/Simulador-ETIAS-/etias-bolivia.html,371,"Guía completa ETIAS 2026 para ciudadanos bolivianos. Requisitos, costos, tiempos y simulador gratuito. Obligatorio desde Q4 2026."
https://etias.netlify.app/etias-brasil-adultos-mayores.html,200,ETIAS para Adultos Mayores Brasileños: Todo lo que Necesitas Saber,ETIAS para Adultos Mayores con Pasaporte Brasileño,https://consultoretias.github.io/Simulador-ETIAS-/etias-brasil-adultos-mayores.html,371,"Guía simplificada de ETIAS para brasileños mayores de 70 años. Exenciones, proceso y recomendaciones."
https://etias.netlify.app/etias-brasil-como-solicitar.html,200,Cómo Solicitar ETIAS desde Brasil 2026 | Guía Paso a Paso,Cómo Solicitar ETIAS si Eres Brasileño,https://consultoretias.github.io/Simulador-ETIAS-/etias-brasil-como-solicitar.html,367,"Guía paso a paso para solicitar ETIAS con pasaporte de Brasil. Proceso online, documentos necesarios y tiempos de respuesta."
https://etias.netlify.app/etias-brasil-costo.html,200,¿Cuánto Cuesta ETIAS para Brasileños? Precio 2026,Costo de ETIAS para Pasaporte Brasileño,https://consultoretias.github.io/Simulador-ETIAS-/etias-brasil-costo.html,389,Precio oficial de ETIAS para ciudadanos de Brasil: €7 euros. Equivalencia en reales y métodos de pago aceptados.
https://etias.netlify.app/etias-brasil-espana.html,200,ETIAS para Brasileños que Viajan a España 2026,ETIAS Brasil → España: Todo lo que Necesitas Saber,https://consultoretias.github.io/Simulador-ETIAS-/etias-brasil-espana.html,381,¿Planeas ir a España con pasaporte brasileño? Guía completa sobre ETIAS para la ruta Brasil–España en 2026.
https://etias.netlify.app/etias-brasil-estudios.html,200,ETIAS para Estudiantes Brasileños en Europa 2026,ETIAS para Estudiantes con Pasaporte Brasileño,https://consultoretias.github.io/Simulador-ETIAS-/etias-brasil-estudios.html,395,¿Eres estudiante brasileño y planeas ir a Europa? Conoce si ETIAS cubre cursos cortos y programas de intercambio.
https://etias.netlify.app/etias-brasil-italia.html,200,ETIAS para Brasileños que Viajan a Italia 2026,ETIAS Brasil → Italia: Guía Completa,https://consultoretias.github.io/Simulador-ETIAS-/etias-brasil-italia.html,378,"¿Quieres visitar Roma, Milán o Venecia con pasaporte brasileño? Todo sobre ETIAS para la ruta Brasil–Italia."
https://etias.netlify.app/etias-brasil-menores.html,200,ETIAS para Menores Brasileños: Guía para Familias 2026,ETIAS para Menores de Edad con Pasaporte Brasileño,https://consultoretias.github.io/Simulador-ETIAS-/etias-brasil-menores.html,402,¿Viajas a Europa con tus hijos brasileños? Guía completa sobre ETIAS para menores de edad en 2026.
https://etias.netlify.app/etias-brasil-negocios.html,200,ETIAS para Viajes de Negocios desde Brasil a Europa 2026,ETIAS para Viajeros de Negocios Brasileños,https://consultoretias.github.io/Simulador-ETIAS-/etias-brasil-negocios.html,394,¿Viajas a Europa por negocios con pasaporte brasileño? ETIAS cubre visitas de negocios de corta duración.
https://etias.netlify.app/etias-brasil-paises-cubiertos.html,200,¿A Qué Países de Europa Puedo Entrar con ETIAS? Guía Brasil,Países Cubiertos por ETIAS para Brasileños,https://consultoretias.github.io/Simulador-ETIAS-/etias-brasil-paises-cubiertos.html,382,Lista completa de los 30 países del espacio Schengen a los que puedes entrar con ETIAS teniendo pasaporte brasileño.
https://etias.netlify.app/etias-brasil-portugal.html,200,ETIAS Brasil → Portugal 2026 | Guía Especial para Brasileños,ETIAS para Brasileños que Viajan a Portugal,https://consultoretias.github.io/Simulador-ETIAS-/etias-brasil-portugal.html,378,Guía especial ETIAS para la ruta Brasil–Portugal. El destino europeo más visitado por brasileños también requiere ETIAS desde Q4 2026.
https://etias.netlify.app/etias-brasil-preguntas-frecuentes.html,200,Preguntas Frecuentes ETIAS para Brasileños 2026 | FAQ Completo,FAQ: Todo sobre ETIAS para Ciudadanos de Brasil,https://consultoretias.github.io/Simulador-ETIAS-/etias-brasil-preguntas-frecuentes.html,447,Respuestas a las preguntas más frecuentes sobre ETIAS para viajeros con pasaporte brasileño.
https://etias.netlify.app/etias-brasil-rechazo.html,200,¿Me Pueden Rechazar ETIAS si Soy Brasileño? Causas y Soluciones,Causas de Rechazo de ETIAS para Pasaporte Brasileño,https://consultoretias.github.io/Simulador-ETIAS-/etias-brasil-rechazo.html,394,Conoce las causas de rechazo de ETIAS para ciudadanos de Brasil y qué hacer si tu solicitud es denegada.
https://etias.netlify.app/etias-brasil-requisitos.html,200,Requisitos ETIAS para Brasileños 2026 | Lista Completa,Requisitos ETIAS para Ciudadanos Brasileños,https://consultoretias.github.io/Simulador-ETIAS-/etias-brasil-requisitos.html,385,Lista completa de requisitos para solicitar ETIAS con pasaporte de Brasil en 2026.
https://etias.netlify.app/etias-brasil-rio.html,200,ETIAS desde Río de Janeiro 2026 | Guía para Viajeros Cariocas,ETIAS para Viajeros de Río de Janeiro hacia Europa,https://consultoretias.github.io/Simulador-ETIAS-/etias-brasil-rio.html,355,Todo sobre ETIAS para residentes de Río de Janeiro que planean viajar a Europa en 2026.
https://etias.netlify.app/etias-brasil-sao-paulo.html,200,ETIAS desde São Paulo 2026 | Guía para Viajeros Paulistanos,ETIAS para Viajeros de São Paulo hacia Europa,https://consultoretias.github.io/Simulador-ETIAS-/etias-brasil-sao-paulo.html,376,"Guía ETIAS específica para residentes de São Paulo. Aeropuertos, vuelos a Europa y proceso de autorización."
https://etias.netlify.app/etias-brasil-tiempo-respuesta.html,200,¿Cuánto Tarda ETIAS para Brasileños? Tiempo de Respuesta 2026,Tiempo de Respuesta ETIAS para Ciudadanos de Brasil,https://consultoretias.github.io/Simulador-ETIAS-/etias-brasil-tiempo-respuesta.html,385,ETIAS responde en minutos para la mayoría de los brasileños. Conoce los tiempos exactos y qué hacer si hay demoras.
https://etias.netlify.app/etias-brasil-turismo.html,200,ETIAS para Turismo en Europa con Pasaporte Brasileño 2026,ETIAS para Turistas Brasileños en Europa,https://consultoretias.github.io/Simulador-ETIAS-/etias-brasil-turismo.html,372,¿Planeas viajar a Europa como turista con pasaporte brasileño? Todo sobre ETIAS para turismo en 2026.
https://etias.netlify.app/etias-brasil-vigencia.html,200,¿Cuánto Dura ETIAS para Brasileños? Vigencia y Renovación 2026,Vigencia de ETIAS para Pasaporte Brasileño,https://consultoretias.github.io/Simulador-ETIAS-/etias-brasil-vigencia.html,403,ETIAS para brasileños tiene vigencia de 3 años o hasta que venza el pasaporte. Todo sobre renovación y múltiples entradas.
https://etias.netlify.app/etias-brasil-vs-visa.html,200,ETIAS vs Visa Schengen para Brasileños: ¿Cuál Necesito?,ETIAS vs Visa Schengen: Guía para Ciudadanos Brasileños,https://consultoretias.github.io/Simulador-ETIAS-/etias-brasil-vs-visa.html,402,¿Necesitas visa o ETIAS para ir a Europa con pasaporte brasileño? Comparativa clara para 2026.
https://etias.netlify.app/etias-brasil.html,200,ETIAS Brasil 2026 | Autorización de Viaje a Europa para Brasileños,ETIAS Brasil 2026,https://consultoretias.github.io/Simulador-ETIAS-/etias-brasil.html,343,"Todo lo que necesitas saber sobre ETIAS si tienes pasaporte brasileño. Requisitos, costos y simulador gratuito."
https://etias.netlify.app/etias-campeche.html,200,ETIAS Campeche 2026 | ETIAS Consultant Simulator,ETIAS Campeche 2026,https://consultoretias.github.io/Simulador-ETIAS-/etias-campeche.html,373,"Guía completa ETIAS 2026 para ciudadanos de Campeche. Requisitos, costos, tiempos y simulador gratuito. Obligatorio desde Q4 2026."
https://etias.netlify.app/etias-cancelado-que-hacer.html,200,Me cancelaron el ETIAS: causas y soluciones,ETIAS Cancelado: Qué Hacer si te Revocan la Autorización,https://consultoretias.github.io/Simulador-ETIAS-/etias-cancelado-que-hacer.html,355,¿Te cancelaron el ETIAS aprobado? Conoce las causas de revocación y los pasos para recuperar tu autorización de viaje.
https://etias.netlify.app/etias-checklist.html,200,Checklist ETIAS 2026: todo lo que necesitas | ETIAS Consultant Simulator,Checklist ETIAS 2026: todo lo que necesitas,https://consultoretias.github.io/Simulador-ETIAS-/etias-checklist.html,385,"Guía completa ETIAS 2026 para checklist completo. Requisitos, costos, tiempos y simulador gratuito. Obligatorio desde Q4 2026."
https://etias.netlify.app/etias-chefs-gastronomia.html,200,ETIAS para chefs latinoamericanos: concursos y residencias en Europa,ETIAS para Chefs y Gastronomía: Europa desde Latinoamérica,https://consultoretias.github.io/Simulador-ETIAS-/etias-chefs-gastronomia.html,409,"Guía ETIAS para chefs y profesionales de gastronomía latinoamericanos que viajan a Europa para concursos, formación o colaboraciones culinarias."
https://etias.netlify.app/etias-chiapas.html,200,ETIAS Chiapas 2026 | ETIAS Consultant Simulator,ETIAS Chiapas 2026,https://consultoretias.github.io/Simulador-ETIAS-/etias-chiapas.html,373,"Guía completa ETIAS 2026 para ciudadanos de Chiapas. Requisitos, costos, tiempos y simulador gratuito. Obligatorio desde Q4 2026."
https://etias.netlify.app/etias-chihuahua.html,200,ETIAS Chihuahua 2026 | ETIAS Consultant Simulator,ETIAS Chihuahua 2026,https://consultoretias.github.io/Simulador-ETIAS-/etias-chihuahua.html,373,"Guía completa ETIAS 2026 para ciudadanos de Chihuahua. Requisitos, costos, tiempos y simulador gratuito. Obligatorio desde Q4 2026."
https://etias.netlify.app/etias-chile-adultos-mayores.html,200,ETIAS Adultos Mayores Chilenos 2026,ETIAS para Adultos Mayores Chilenos,https://consultoretias.github.io/Simulador-ETIAS-/etias-chile-adultos-mayores.html,100,Mayores de 70 años con pasaporte chileno están exentos del pago de ETIAS.
https://etias.netlify.app/etias-chile-como-solicitar.html,200,Cómo Solicitar ETIAS desde Chile 2026,Cómo Solicitar ETIAS si Eres Chileno,https://consultoretias.github.io/Simulador-ETIAS-/etias-chile-como-solicitar.html,98,Guía paso a paso para solicitar ETIAS con pasaporte chileno.
https://etias.netlify.app/etias-chile-costo.html,200,Cuánto Cuesta ETIAS para Chilenos 2026,Costo ETIAS para Chilenos,https://consultoretias.github.io/Simulador-ETIAS-/etias-chile-costo.html,97,ETIAS cuesta €7 euros (aprox. $7.200 CLP) para ciudadanos chilenos.
https://etias.netlify.app/etias-chile-espana.html,200,ETIAS Chile a España 2026,ETIAS para Chilenos que Viajan a España,https://consultoretias.github.io/Simulador-ETIAS-/etias-chile-espana.html,99,España es el destino europeo más visitado por chilenos. Guía ETIAS 2026.
https://etias.netlify.app/etias-chile-menores.html,200,ETIAS Menores Chilenos 2026,ETIAS para Menores con Pasaporte Chileno,https://consultoretias.github.io/Simulador-ETIAS-/etias-chile-menores.html,97,Guía ETIAS para familias chilenas que viajan a Europa con menores de edad.
https://etias.netlify.app/etias-chile-negocios.html,200,ETIAS Negocios Chile Europa 2026,ETIAS para Viajeros de Negocios Chilenos,https://consultoretias.github.io/Simulador-ETIAS-/etias-chile-negocios.html,100,ETIAS cubre viajes de negocios de corta duración desde Chile a Europa.
https://etias.netlify.app/etias-chile-preguntas-frecuentes.html,200,FAQ ETIAS Chile 2026,Preguntas Frecuentes ETIAS Chile,https://consultoretias.github.io/Simulador-ETIAS-/etias-chile-preguntas-frecuentes.html,89,Respuestas a las preguntas más frecuentes sobre ETIAS para chilenos.
https://etias.netlify.app/etias-chile-rechazo.html,200,Rechazo ETIAS Chilenos 2026,Causas de Rechazo ETIAS para Chilenos,https://consultoretias.github.io/Simulador-ETIAS-/etias-chile-rechazo.html,96,Conoce las causas de rechazo de ETIAS para ciudadanos de Chile.
https://etias.netlify.app/etias-chile-requisitos.html,200,Requisitos ETIAS para Chilenos 2026,Requisitos ETIAS para Chilenos,https://consultoretias.github.io/Simulador-ETIAS-/etias-chile-requisitos.html,94,Lista completa de requisitos ETIAS para pasaporte chileno en 2026.
https://etias.netlify.app/etias-chile-santiago.html,200,ETIAS desde Santiago de Chile 2026,ETIAS para Viajeros de Santiago,https://consultoretias.github.io/Simulador-ETIAS-/etias-chile-santiago.html,103,Guía ETIAS para residentes de Santiago. Vuelos a Europa y proceso de autorización.
https://etias.netlify.app/etias-chile-turismo.html,200,ETIAS Turismo Chile Europa 2026,ETIAS para Turistas Chilenos en Europa,https://consultoretias.github.io/Simulador-ETIAS-/etias-chile-turismo.html,96,Todo sobre ETIAS para turistas chilenos en Europa 2026.
https://etias.netlify.app/etias-chile-vigencia.html,200,Vigencia ETIAS para Chilenos 2026,Vigencia de ETIAS para Pasaporte Chileno,https://consultoretias.github.io/Simulador-ETIAS-/etias-chile-vigencia.html,99,ETIAS para chilenos dura 3 años o hasta que venza el pasaporte.
https://etias.netlify.app/etias-chile-vs-visa.html,200,ETIAS vs Visa Schengen para Chilenos,ETIAS vs Visa Schengen Chile,https://consultoretias.github.io/Simulador-ETIAS-/etias-chile-vs-visa.html,96,¿Necesitas visa o ETIAS para ir a Europa con pasaporte chileno?
https://etias.netlify.app/etias-chile.html,200,ETIAS Chile 2026 | ETIAS Consultant Simulator,ETIAS Chile 2026,https://consultoretias.github.io/Simulador-ETIAS-/etias-chile.html,371,"Guía completa ETIAS 2026 para ciudadanos chilenos. Requisitos, costos, tiempos y simulador gratuito. Obligatorio desde Q4 2026."
https://etias.netlify.app/etias-ciudad-de-mexico.html,200,ETIAS Ciudad de México 2026 | ETIAS Consultant Simulator,ETIAS Ciudad de México 2026,https://consultoretias.github.io/Simulador-ETIAS-/etias-ciudad-de-mexico.html,383,"Guía completa ETIAS 2026 para ciudadanos de CDMX. Requisitos, costos, tiempos y simulador gratuito. Obligatorio desde Q4 2026."
https://etias.netlify.app/etias-coahuila.html,200,ETIAS Coahuila 2026 | ETIAS Consultant Simulator,ETIAS Coahuila 2026,https://consultoretias.github.io/Simulador-ETIAS-/etias-coahuila.html,373,"Guía completa ETIAS 2026 para ciudadanos de Coahuila. Requisitos, costos, tiempos y simulador gratuito. Obligatorio desde Q4 2026."
https://etias.netlify.app/etias-colima.html,200,ETIAS Colima 2026 | ETIAS Consultant Simulator,ETIAS Colima 2026,https://consultoretias.github.io/Simulador-ETIAS-/etias-colima.html,373,"Guía completa ETIAS 2026 para ciudadanos de Colima. Requisitos, costos, tiempos y simulador gratuito. Obligatorio desde Q4 2026."
https://etias.netlify.app/etias-colombia-adultos-mayores.html,200,ETIAS para Adultos Mayores Colombianos: Todo lo que Necesitas Saber,ETIAS para Adultos Mayores con Pasaporte Colombiano,https://consultoretias.github.io/Simulador-ETIAS-/etias-colombia-adultos-mayores.html,390,"Guía simplificada de ETIAS para colombianos mayores de 70 años. Exenciones, proceso y recomendaciones."
https://etias.netlify.app/etias-colombia-bogota.html,200,ETIAS desde Bogotá 2026 | Guía para Viajeros Bogotanos,ETIAS para Viajeros de Bogotá hacia Europa,https://consultoretias.github.io/Simulador-ETIAS-/etias-colombia-bogota.html,403,"Guía ETIAS específica para residentes de Bogotá. Aeropuertos, vuelos a Europa y proceso de autorización."
https://etias.netlify.app/etias-colombia-como-solicitar.html,200,Cómo Solicitar ETIAS desde Colombia 2026 | Guía Paso a Paso,Cómo Solicitar ETIAS si Eres Colombiano,https://consultoretias.github.io/Simulador-ETIAS-/etias-colombia-como-solicitar.html,379,"Guía paso a paso para solicitar ETIAS con pasaporte de Colombia. Proceso online, documentos necesarios y tiempos de respuesta."
https://etias.netlify.app/etias-colombia-costo.html,200,¿Cuánto Cuesta ETIAS para Colombianos? Precio 2026,Costo de ETIAS para Pasaporte Colombiano,https://consultoretias.github.io/Simulador-ETIAS-/etias-colombia-costo.html,409,Precio oficial de ETIAS para ciudadanos de Colombia: €7 euros. Equivalencia en pesos colombianos y métodos de pago aceptados.
https://etias.netlify.app/etias-colombia-espana.html,200,ETIAS Colombia → España 2026 | Guía Especial,ETIAS para Colombianos que Viajan a España,https://consultoretias.github.io/Simulador-ETIAS-/etias-colombia-espana.html,417,España es el destino europeo más visitado por colombianos. Guía completa ETIAS para la ruta Colombia–España 2026.
https://etias.netlify.app/etias-colombia-estudios.html,200,ETIAS para Estudiantes Colombianos en Europa 2026,ETIAS para Estudiantes con Pasaporte Colombiano,https://consultoretias.github.io/Simulador-ETIAS-/etias-colombia-estudios.html,403,¿Eres estudiante colombiano y planeas ir a Europa? Conoce si ETIAS cubre cursos cortos y programas de intercambio.
https://etias.netlify.app/etias-colombia-francia.html,200,ETIAS para Colombianos que Viajan a Francia 2026,ETIAS Colombia → Francia: Guía Completa,https://consultoretias.github.io/Simulador-ETIAS-/etias-colombia-francia.html,390,¿Quieres visitar París con pasaporte colombiano? Todo sobre ETIAS para la ruta Colombia–Francia en 2026.
https://etias.netlify.app/etias-colombia-italia.html,200,ETIAS para Colombianos que Viajan a Italia 2026,ETIAS Colombia → Italia: Guía Completa,https://consultoretias.github.io/Simulador-ETIAS-/etias-colombia-italia.html,393,¿Planeas visitar Roma o Milán con pasaporte colombiano? Todo sobre ETIAS para la ruta Colombia–Italia en 2026.
https://etias.netlify.app/etias-colombia-medellin.html,200,ETIAS desde Medellín 2026 | Guía para Viajeros Paisas,ETIAS para Viajeros de Medellín hacia Europa,https://consultoretias.github.io/Simulador-ETIAS-/etias-colombia-medellin.html,372,Todo sobre ETIAS para residentes de Medellín que planean viajar a Europa en 2026.
https://etias.netlify.app/etias-colombia-menores.html,200,ETIAS para Menores Colombianos: Guía para Familias 2026,ETIAS para Menores de Edad con Pasaporte Colombiano,https://consultoretias.github.io/Simulador-ETIAS-/etias-colombia-menores.html,398,¿Viajas a Europa con tus hijos colombianos? Guía completa sobre ETIAS para menores de edad en 2026.
https://etias.netlify.app/etias-colombia-negocios.html,200,ETIAS para Viajes de Negocios desde Colombia a Europa 2026,ETIAS para Viajeros de Negocios Colombianos,https://consultoretias.github.io/Simulador-ETIAS-/etias-colombia-negocios.html,385,¿Viajas a Europa por negocios con pasaporte colombiano? ETIAS cubre visitas de negocios de corta duración.
https://etias.netlify.app/etias-colombia-paises-cubiertos.html,200,¿A Qué Países de Europa Puedo Entrar con ETIAS? Guía Colombia,Países Cubiertos por ETIAS para Colombianos,https://consultoretias.github.io/Simulador-ETIAS-/etias-colombia-paises-cubiertos.html,401,Lista completa de los 30 países del espacio Schengen a los que puedes entrar con ETIAS teniendo pasaporte colombiano.
https://etias.netlify.app/etias-colombia-preguntas-frecuentes.html,200,Preguntas Frecuentes ETIAS para Colombianos 2026 | FAQ Completo,FAQ: Todo sobre ETIAS para Ciudadanos de Colombia,https://consultoretias.github.io/Simulador-ETIAS-/etias-colombia-preguntas-frecuentes.html,456,Respuestas a las preguntas más frecuentes sobre ETIAS para viajeros con pasaporte colombiano.
https://etias.netlify.app/etias-colombia-rechazo.html,200,¿Me Pueden Rechazar ETIAS si Soy Colombiano? Causas y Soluciones,Causas de Rechazo de ETIAS para Pasaporte Colombiano,https://consultoretias.github.io/Simulador-ETIAS-/etias-colombia-rechazo.html,413,Conoce las causas de rechazo de ETIAS para ciudadanos de Colombia y qué hacer si tu solicitud es denegada.
https://etias.netlify.app/etias-colombia-requisitos.html,200,Requisitos ETIAS para Colombianos 2026 | Lista Completa,Requisitos ETIAS para Ciudadanos Colombianos,https://consultoretias.github.io/Simulador-ETIAS-/etias-colombia-requisitos.html,407,Lista completa de requisitos para solicitar ETIAS con pasaporte de Colombia en 2026.
https://etias.netlify.app/etias-colombia-tiempo-respuesta.html,200,¿Cuánto Tarda ETIAS para Colombianos? Tiempo de Respuesta 2026,Tiempo de Respuesta ETIAS para Ciudadanos de Colombia,https://consultoretias.github.io/Simulador-ETIAS-/etias-colombia-tiempo-respuesta.html,404,ETIAS responde en minutos para la mayoría de los colombianos. Conoce los tiempos exactos y qué hacer si hay demoras.
https://etias.netlify.app/etias-colombia-turismo.html,200,ETIAS para Turismo en Europa con Pasaporte Colombiano 2026,ETIAS para Turistas Colombianos en Europa,https://consultoretias.github.io/Simulador-ETIAS-/etias-colombia-turismo.html,392,¿Planeas viajar a Europa como turista con pasaporte colombiano? Todo sobre ETIAS para turismo en 2026.
https://etias.netlify.app/etias-colombia-vigencia.html,200,¿Cuánto Dura ETIAS para Colombianos? Vigencia y Renovación 2026,Vigencia de ETIAS para Pasaporte Colombiano,https://consultoretias.github.io/Simulador-ETIAS-/etias-colombia-vigencia.html,417,ETIAS para colombianos tiene vigencia de 3 años o hasta que venza el pasaporte. Todo sobre renovación y múltiples entradas.
https://etias.netlify.app/etias-colombia-vs-visa.html,200,ETIAS vs Visa Schengen para Colombianos: ¿Cuál Necesito?,ETIAS vs Visa Schengen: Guía para Ciudadanos Colombianos,https://consultoretias.github.io/Simulador-ETIAS-/etias-colombia-vs-visa.html,412,¿Necesitas visa o ETIAS para ir a Europa con pasaporte colombiano? Comparativa clara para 2026.
https://etias.netlify.app/etias-colombia.html,200,ETIAS Colombia 2026 | Autorización de Viaje a Europa para Colombianos,ETIAS Colombia 2026,https://consultoretias.github.io/Simulador-ETIAS-/etias-colombia.html,397,"Todo lo que necesitas saber sobre ETIAS si tienes pasaporte colombiano. Requisitos, costos y simulador gratuito."
https://etias.netlify.app/etias-con-antecedentes-penales.html,200,ETIAS con antecedentes penales: ¿Puedo viajar a Europa?,ETIAS con Antecedentes Penales: Lo que Necesitas Saber,https://consultoretias.github.io/Simulador-ETIAS-/etias-con-antecedentes-penales.html,386,¿Tienes antecedentes penales y quieres solicitar ETIAS? Guía completa sobre cómo afectan al proceso y qué puedes hacer.
https://etias.netlify.app/etias-costa-rica.html,200,ETIAS Costa Rica 2026 | ETIAS Consultant Simulator,ETIAS Costa Rica 2026,https://consultoretias.github.io/Simulador-ETIAS-/etias-costa-rica.html,376,"Guía completa ETIAS 2026 para ciudadanos costarricenses. Requisitos, costos, tiempos y simulador gratuito. Obligatorio desde Q4 2026."
https://etias.netlify.app/etias-costo.html,200,Costo ETIAS 2026: precio oficial y cálculo total,Costo ETIAS 2026: cuánto pagarás realmente,MISSING,133,"Calcula cuánto pagarás por ETIAS en 2026, detecta sobrecostos y recibe tu estimación personalizada."
https://etias.netlify.app/etias-cuanto-tarda.html,200,¿Cuánto tarda ETIAS? Tiempos 2026 | ETIAS Consultant Simulator,¿Cuánto tarda ETIAS? Tiempos 2026,https://consultoretias.github.io/Simulador-ETIAS-/etias-cuanto-tarda.html,383,"Guía completa ETIAS 2026 para tiempos de respuesta. Requisitos, costos, tiempos y simulador gratuito. Obligatorio desde Q4 2026."
https://etias.netlify.app/etias-deportistas-competencia.html,200,ETIAS para deportistas latinoamericanos en competencias europeas,ETIAS para Deportistas: Competencias y Eventos en Europa,https://consultoretias.github.io/Simulador-ETIAS-/etias-deportistas-competencia.html,400,"Guía ETIAS para deportistas latinoamericanos que compiten en torneos, ligas o eventos deportivos en Europa 2026."
https://etias.netlify.app/etias-doble-nacionalidad.html,200,ETIAS con doble nacionalidad latinoamericana,ETIAS con Doble Nacionalidad: Qué Pasaporte Usar,https://consultoretias.github.io/Simulador-ETIAS-/etias-doble-nacionalidad.html,378,¿Tienes doble nacionalidad y quieres solicitar ETIAS? Guía sobre qué pasaporte presentar y cómo evitar confusiones legales.
https://etias.netlify.app/etias-dudas-declaracion.html,200,Qué declarar en ETIAS sin cometer errores,Cómo Rellenar la Declaración ETIAS sin Errores,https://consultoretias.github.io/Simulador-ETIAS-/etias-dudas-declaracion.html,378,Guía detallada sobre qué declarar en cada campo del formulario ETIAS para evitar errores que causen retrasos o rechazo.
https://etias.netlify.app/etias-durango.html,200,ETIAS Durango 2026 | ETIAS Consultant Simulator,ETIAS Durango 2026,https://consultoretias.github.io/Simulador-ETIAS-/etias-durango.html,373,"Guía completa ETIAS 2026 para ciudadanos de Durango. Requisitos, costos, tiempos y simulador gratuito. Obligatorio desde Q4 2026."
https://etias.netlify.app/etias-ecuador.html,200,ETIAS Ecuador 2026 | ETIAS Consultant Simulator,ETIAS Ecuador 2026,https://consultoretias.github.io/Simulador-ETIAS-/etias-ecuador.html,371,"Guía completa ETIAS 2026 para ciudadanos ecuatorianos. Requisitos, costos, tiempos y simulador gratuito. Obligatorio desde Q4 2026."
https://etias.netlify.app/etias-el-salvador.html,200,ETIAS El Salvador 2026 | ETIAS Consultant Simulator,ETIAS El Salvador 2026,https://consultoretias.github.io/Simulador-ETIAS-/etias-el-salvador.html,376,"Guía completa ETIAS 2026 para ciudadanos salvadoreños. Requisitos, costos, tiempos y simulador gratuito. Obligatorio desde Q4 2026."
https://etias.netlify.app/etias-empresarios-pymes.html,200,ETIAS para empresarios PyME latinoamericanos: viajes comerciales a Europa,ETIAS para Empresarios PyME: Viajes Comerciales a Europa,https://consultoretias.github.io/Simulador-ETIAS-/etias-empresarios-pymes.html,419,"Guía ETIAS para dueños de PyMEs latinoamericanas que viajan a Europa para negocios, ferias comerciales y reuniones con socios."
https://etias.netlify.app/etias-enfermedad-cronica.html,200,ETIAS con enfermedad crónica o discapacidad,ETIAS con Enfermedad Crónica o Discapacidad: Guía Completa,https://consultoretias.github.io/Simulador-ETIAS-/etias-enfermedad-cronica.html,343,¿Tienes una enfermedad crónica o discapacidad y quieres solicitar ETIAS? Todo lo que necesitas saber sobre el proceso.
https://etias.netlify.app/etias-enfermeras-europa.html,200,ETIAS para enfermeras latinoamericanas que viajan a Europa,ETIAS para Enfermeras: Viajes Profesionales y Formativos a Europa,https://consultoretias.github.io/Simulador-ETIAS-/etias-enfermeras-europa.html,385,"Todo sobre ETIAS para enfermeras latinoamericanas: congresos de enfermería, intercambios y estancias formativas en Europa 2026."
https://etias.netlify.app/etias-error-formulario.html,200,Cometí un error en mi solicitud ETIAS: qué hacer,Error en el Formulario ETIAS: Cómo Corregirlo,https://consultoretias.github.io/Simulador-ETIAS-/etias-error-formulario.html,381,¿Cometiste un error en tu solicitud ETIAS? Guía de acción inmediata según el tipo de error y el estado de tu solicitud.
https://etias.netlify.app/etias-errores-comunes.html,200,Errores comunes al solicitar ETIAS | ETIAS Consultant Simulator,Errores comunes al solicitar ETIAS,https://consultoretias.github.io/Simulador-ETIAS-/etias-errores-comunes.html,383,"Guía completa ETIAS 2026 para errores en la solicitud. Requisitos, costos, tiempos y simulador gratuito. Obligatorio desde Q4 2026."
https://etias.netlify.app/etias-estado-de-mexico.html,200,ETIAS Estado de México 2026 | ETIAS Consultant Simulator,ETIAS Estado de México 2026,https://consultoretias.github.io/Simulador-ETIAS-/etias-estado-de-mexico.html,387,"Guía completa ETIAS 2026 para ciudadanos del Estado de México. Requisitos, costos, tiempos y simulador gratuito. Obligatorio desde Q4 2026."
https://etias.netlify.app/etias-estudiantes-intercambio.html,200,ETIAS para estudiantes latinoamericanos en intercambio universitario,ETIAS para Estudiantes de Intercambio en Europa,https://consultoretias.github.io/Simulador-ETIAS-/etias-estudiantes-intercambio.html,427,Todo sobre ETIAS para estudiantes latinoamericanos en programas de intercambio universitario en Europa 2026.
https://etias.netlify.app/etias-estudiantes.html,200,ETIAS para estudiantes mexicanos | ETIAS Consultant Simulator,ETIAS para estudiantes mexicanos,https://consultoretias.github.io/Simulador-ETIAS-/etias-estudiantes.html,372,"Guía completa ETIAS 2026 para estudiantes. Requisitos, costos, tiempos y simulador gratuito. Obligatorio desde Q4 2026."
https://etias.netlify.app/etias-freelancers-nomadas.html,200,ETIAS para freelancers y nómadas digitales latinoamericanos,ETIAS para Freelancers y Nómadas Digitales en Europa,https://consultoretias.github.io/Simulador-ETIAS-/etias-freelancers-nomadas.html,474,Guía completa sobre ETIAS para freelancers y nómadas digitales latinoamericanos que trabajan remotamente desde Europa.
https://etias.netlify.app/etias-guanajuato.html,200,ETIAS Guanajuato 2026 | ETIAS Consultant Simulator,ETIAS Guanajuato 2026,https://consultoretias.github.io/Simulador-ETIAS-/etias-guanajuato.html,373,"Guía completa ETIAS 2026 para ciudadanos de Guanajuato. Requisitos, costos, tiempos y simulador gratuito. Obligatorio desde Q4 2026."
https://etias.netlify.app/etias-guatemala.html,200,ETIAS Guatemala 2026 | ETIAS Consultant Simulator,ETIAS Guatemala 2026,https://consultoretias.github.io/Simulador-ETIAS-/etias-guatemala.html,371,"Guía completa ETIAS 2026 para ciudadanos guatemaltecos. Requisitos, costos, tiempos y simulador gratuito. Obligatorio desde Q4 2026."
https://etias.netlify.app/etias-guerrero.html,200,ETIAS Guerrero 2026 | ETIAS Consultant Simulator,ETIAS Guerrero 2026,https://consultoretias.github.io/Simulador-ETIAS-/etias-guerrero.html,373,"Guía completa ETIAS 2026 para ciudadanos de Guerrero. Requisitos, costos, tiempos y simulador gratuito. Obligatorio desde Q4 2026."
https://etias.netlify.app/etias-hidalgo.html,200,ETIAS Hidalgo 2026 | ETIAS Consultant Simulator,ETIAS Hidalgo 2026,https://consultoretias.github.io/Simulador-ETIAS-/etias-hidalgo.html,373,"Guía completa ETIAS 2026 para ciudadanos de Hidalgo. Requisitos, costos, tiempos y simulador gratuito. Obligatorio desde Q4 2026."
https://etias.netlify.app/etias-historial-viajes.html,200,¿Afecta mi historial de viajes la aprobación ETIAS?,Historial de Viajes y su Impacto en la Aprobación ETIAS,https://consultoretias.github.io/Simulador-ETIAS-/etias-historial-viajes.html,382,Descubre cómo tu historial de viajes previos — a Europa y a otros destinos — puede influir en la aprobación o rechazo de tu ETIAS.
https://etias.netlify.app/etias-honduras.html,200,ETIAS Honduras 2026 | ETIAS Consultant Simulator,ETIAS Honduras 2026,https://consultoretias.github.io/Simulador-ETIAS-/etias-honduras.html,371,"Guía completa ETIAS 2026 para ciudadanos hondureños. Requisitos, costos, tiempos y simulador gratuito. Obligatorio desde Q4 2026."
https://etias.netlify.app/etias-influencers-creadores.html,200,ETIAS para influencers y creadores de contenido latinoamericanos en Europa,ETIAS para Influencers y Creadores de Contenido en Europa,https://consultoretias.github.io/Simulador-ETIAS-/etias-influencers-creadores.html,430,"Todo sobre ETIAS para influencers, youtubers, tiktokers y creadores de contenido latinoamericanos que viajan a Europa en 2026."
https://etias.netlify.app/etias-ingenieros-negocios.html,200,ETIAS para ingenieros latinoamericanos en viajes de negocios a Europa,ETIAS para Ingenieros: Viajes de Negocios y Proyectos en Europa,https://consultoretias.github.io/Simulador-ETIAS-/etias-ingenieros-negocios.html,412,"Guía ETIAS para ingenieros latinoamericanos que viajan a Europa por proyectos, ferias tecnológicas o negociaciones comerciales."
https://etias.netlify.app/etias-investigadores-academicos.html,200,ETIAS para investigadores y académicos latinoamericanos,ETIAS para Investigadores y Académicos en Europa,https://consultoretias.github.io/Simulador-ETIAS-/etias-investigadores-academicos.html,404,"Guía ETIAS para investigadores, profesores y académicos latinoamericanos que viajan a Europa para conferencias, estancias o colaboraciones."
https://etias.netlify.app/etias-jalisco.html,200,ETIAS Jalisco 2026 | ETIAS Consultant Simulator,ETIAS Jalisco 2026,https://consultoretias.github.io/Simulador-ETIAS-/etias-jalisco.html,373,"Guía completa ETIAS 2026 para ciudadanos de Jalisco. Requisitos, costos, tiempos y simulador gratuito. Obligatorio desde Q4 2026."
https://etias.netlify.app/etias-luna-de-miel.html,200,ETIAS para luna de miel en Europa | ETIAS Consultant Simulator,ETIAS para luna de miel en Europa,https://consultoretias.github.io/Simulador-ETIAS-/etias-luna-de-miel.html,393,"Guía completa ETIAS 2026 para viaje de luna de miel. Requisitos, costos, tiempos y simulador gratuito. Obligatorio desde Q4 2026."
https://etias.netlify.app/etias-medicos-mexicanos.html,200,ETIAS para médicos latinoamericanos: viajes de congreso y trabajo,ETIAS para Médicos: Congresos y Viajes Profesionales a Europa,https://consultoretias.github.io/Simulador-ETIAS-/etias-medicos-mexicanos.html,407,"Guía ETIAS para médicos latinoamericanos que viajan a Europa para congresos, formación o colaboraciones clínicas en 2026."
https://etias.netlify.app/etias-menor-edad-solo.html,200,ETIAS para menores viajando sin padres,ETIAS para Menores que Viajan Solos o sin Ambos Padres,https://consultoretias.github.io/Simulador-ETIAS-/etias-menor-edad-solo.html,379,"Guía completa para padres: cómo gestionar ETIAS de menores que viajan solos, con un solo padre o con terceros a Europa."
https://etias.netlify.app/etias-menores-de-edad.html,200,ETIAS para menores de edad 2026 | ETIAS Consultant Simulator,ETIAS para menores de edad 2026,https://consultoretias.github.io/Simulador-ETIAS-/etias-menores-de-edad.html,386,"Guía completa ETIAS 2026 para menores de edad. Requisitos, costos, tiempos y simulador gratuito. Obligatorio desde Q4 2026."
https://etias.netlify.app/etias-mexico.html,200,ETIAS México 2026 | Autorización de Viaje a Europa para Mexicanos,ETIAS México 2026,https://consultoretias.github.io/Simulador-ETIAS-/etias-mexico.html,226,"ETIAS será obligatorio para mexicanos desde Q4 2026. Obtén tu autorización de viaje electrónica para Europa. Guía completa, requisitos y simulador gratuito."
https://etias.netlify.app/etias-michoacan.html,200,ETIAS Michoacán 2026 | ETIAS Consultant Simulator,ETIAS Michoacán 2026,https://consultoretias.github.io/Simulador-ETIAS-/etias-michoacan.html,373,"Guía completa ETIAS 2026 para ciudadanos de Michoacán. Requisitos, costos, tiempos y simulador gratuito. Obligatorio desde Q4 2026."
https://etias.netlify.app/etias-morelos.html,200,ETIAS Morelos 2026 | ETIAS Consultant Simulator,ETIAS Morelos 2026,https://consultoretias.github.io/Simulador-ETIAS-/etias-morelos.html,373,"Guía completa ETIAS 2026 para ciudadanos de Morelos. Requisitos, costos, tiempos y simulador gratuito. Obligatorio desde Q4 2026."
https://etias.netlify.app/etias-nayarit.html,200,ETIAS Nayarit 2026 | ETIAS Consultant Simulator,ETIAS Nayarit 2026,https://consultoretias.github.io/Simulador-ETIAS-/etias-nayarit.html,373,"Guía completa ETIAS 2026 para ciudadanos de Nayarit. Requisitos, costos, tiempos y simulador gratuito. Obligatorio desde Q4 2026."
https://etias.netlify.app/etias-nombre-diferente-boleto.html,200,ETIAS y nombre distinto en el boleto de avión,ETIAS: Qué Pasa si el Nombre no Coincide con el Boleto,https://consultoretias.github.io/Simulador-ETIAS-/etias-nombre-diferente-boleto.html,393,¿Hay diferencias entre el nombre en tu ETIAS y tu boleto de avión? Guía para resolver inconsistencias antes de viajar.
https://etias.netlify.app/etias-nuevo-leon.html,200,ETIAS Nuevo León 2026 | ETIAS Consultant Simulator,ETIAS Nuevo León 2026,https://consultoretias.github.io/Simulador-ETIAS-/etias-nuevo-leon.html,380,"Guía completa ETIAS 2026 para ciudadanos de Nuevo León. Requisitos, costos, tiempos y simulador gratuito. Obligatorio desde Q4 2026."
https://etias.netlify.app/etias-oaxaca.html,200,ETIAS Oaxaca 2026 | ETIAS Consultant Simulator,ETIAS Oaxaca 2026,https://consultoretias.github.io/Simulador-ETIAS-/etias-oaxaca.html,373,"Guía completa ETIAS 2026 para ciudadanos de Oaxaca. Requisitos, costos, tiempos y simulador gratuito. Obligatorio desde Q4 2026."
https://etias.netlify.app/etias-panama.html,200,ETIAS Panamá 2026 | ETIAS Consultant Simulator,ETIAS Panamá 2026,https://consultoretias.github.io/Simulador-ETIAS-/etias-panama.html,371,"Guía completa ETIAS 2026 para ciudadanos panameños. Requisitos, costos, tiempos y simulador gratuito. Obligatorio desde Q4 2026."
https://etias.netlify.app/etias-paraguay.html,200,ETIAS Paraguay 2026 | ETIAS Consultant Simulator,ETIAS Paraguay 2026,https://consultoretias.github.io/Simulador-ETIAS-/etias-paraguay.html,371,"Guía completa ETIAS 2026 para ciudadanos paraguayos. Requisitos, costos, tiempos y simulador gratuito. Obligatorio desde Q4 2026."
https://etias.netlify.app/etias-pasaporte-danado.html,200,ETIAS con pasaporte próximo a vencer o dañado,ETIAS con Pasaporte por Vencer o en Mal Estado,https://consultoretias.github.io/Simulador-ETIAS-/etias-pasaporte-danado.html,397,¿Tu pasaporte está dañado o vence pronto? Descubre si puedes solicitar ETIAS y qué requisitos de vigencia exige Europa.
https://etias.netlify.app/etias-pasaporte-vencido.html,200,ETIAS con pasaporte próximo a vencer | ETIAS Consultant Simulator,ETIAS con pasaporte próximo a vencer,https://consultoretias.github.io/Simulador-ETIAS-/etias-pasaporte-vencido.html,386,"Guía completa ETIAS 2026 para pasaporte por vencer. Requisitos, costos, tiempos y simulador gratuito. Obligatorio desde Q4 2026."
https://etias.netlify.app/etias-periodistas-prensa.html,200,ETIAS para periodistas y medios de comunicación latinoamericanos,ETIAS para Periodistas: Cobertura y Viajes de Prensa a Europa,https://consultoretias.github.io/Simulador-ETIAS-/etias-periodistas-prensa.html,414,Guía especial ETIAS para periodistas y comunicadores latinoamericanos que cubren eventos en Europa en 2026.
https://etias.netlify.app/etias-peru.html,200,ETIAS Perú 2026 | ETIAS Consultant Simulator,ETIAS Perú 2026,https://consultoretias.github.io/Simulador-ETIAS-/etias-peru.html,371,"Guía completa ETIAS 2026 para ciudadanos peruanos. Requisitos, costos, tiempos y simulador gratuito. Obligatorio desde Q4 2026."
https://etias.netlify.app/etias-pilotos-tripulacion.html,200,ETIAS para pilotos y tripulación aérea latinoamericana,ETIAS para Pilotos y Tripulación Aérea: Situación Especial,https://consultoretias.github.io/Simulador-ETIAS-/etias-pilotos-tripulacion.html,411,Guía sobre ETIAS para pilotos y tripulación de cabina latinoamericana que operan rutas o hacen escala en Europa.
https://etias.netlify.app/etias-precio-costo.html,200,Costo y precio ETIAS 2026 | ETIAS Consultant Simulator,Costo y precio ETIAS 2026,https://consultoretias.github.io/Simulador-ETIAS-/etias-precio-costo.html,381,"Guía completa ETIAS 2026 para costo del trámite. Requisitos, costos, tiempos y simulador gratuito. Obligatorio desde Q4 2026."
https://etias.netlify.app/etias-primera-vez.html,200,ETIAS primera vez viajando a Europa | ETIAS Consultant Simulator,ETIAS primera vez viajando a Europa,https://consultoretias.github.io/Simulador-ETIAS-/etias-primera-vez.html,386,"Guía completa ETIAS 2026 para primer viaje a Europa. Requisitos, costos, tiempos y simulador gratuito. Obligatorio desde Q4 2026."
https://etias.netlify.app/etias-puebla.html,200,ETIAS Puebla 2026 | ETIAS Consultant Simulator,ETIAS Puebla 2026,https://consultoretias.github.io/Simulador-ETIAS-/etias-puebla.html,373,"Guía completa ETIAS 2026 para ciudadanos de Puebla. Requisitos, costos, tiempos y simulador gratuito. Obligatorio desde Q4 2026."
https://etias.netlify.app/etias-queretaro.html,200,ETIAS Querétaro 2026 | ETIAS Consultant Simulator,ETIAS Querétaro 2026,https://consultoretias.github.io/Simulador-ETIAS-/etias-queretaro.html,373,"Guía completa ETIAS 2026 para ciudadanos de Querétaro. Requisitos, costos, tiempos y simulador gratuito. Obligatorio desde Q4 2026."
https://etias.netlify.app/etias-quintana-roo.html,200,ETIAS Quintana Roo 2026 | ETIAS Consultant Simulator,ETIAS Quintana Roo 2026,https://consultoretias.github.io/Simulador-ETIAS-/etias-quintana-roo.html,380,"Guía completa ETIAS 2026 para ciudadanos de Quintana Roo. Requisitos, costos, tiempos y simulador gratuito. Obligatorio desde Q4 2026."
https://etias.netlify.app/etias-rechazado.html,200,¿Qué hacer si rechazan tu ETIAS? | ETIAS Consultant Simulator,¿Qué hacer si rechazan tu ETIAS?,https://consultoretias.github.io/Simulador-ETIAS-/etias-rechazado.html,382,"Guía completa ETIAS 2026 para solicitud rechazada. Requisitos, costos, tiempos y simulador gratuito. Obligatorio desde Q4 2026."
https://etias.netlify.app/etias-rechazo-apelar.html,200,Cómo apelar un rechazo de ETIAS paso a paso,Cómo Apelar un Rechazo de ETIAS: Guía Paso a Paso,https://consultoretias.github.io/Simulador-ETIAS-/etias-rechazo-apelar.html,380,"Proceso completo para apelar un rechazo de ETIAS. Documentos necesarios, plazos y estrategia para aumentar probabilidades de éxito."
https://etias.netlify.app/etias-rechazo-sin-motivo.html,200,ETIAS rechazado sin explicación: pasos a seguir,ETIAS Rechazado sin Explicación: Qué Hacer,https://consultoretias.github.io/Simulador-ETIAS-/etias-rechazo-sin-motivo.html,384,"¿Rechazaron tu ETIAS sin darte una razón clara? Guía sobre tus derechos, cómo obtener información y los pasos para resolver el rechazo."
https://etias.netlify.app/etias-rechazo-solicitud.html,200,ETIAS: ¿Qué pasa si me rechazan? Guía completa 2026,¿Qué pasa si me rechazan el ETIAS?,https://consultoretias.github.io/Simulador-ETIAS-/etias-rechazo-solicitud.html,368,"Guía completa sobre el rechazo de ETIAS: causas, derechos, plazos de apelación y soluciones para viajeros latinoamericanos en 2026."
https://etias.netlify.app/etias-renovar.html,200,Cómo renovar ETIAS 2026 | ETIAS Consultant Simulator,Cómo renovar ETIAS 2026,https://consultoretias.github.io/Simulador-ETIAS-/etias-renovar.html,374,"Guía completa ETIAS 2026 para renovación. Requisitos, costos, tiempos y simulador gratuito. Obligatorio desde Q4 2026."
https://etias.netlify.app/etias-republica-dominicana.html,200,ETIAS República Dominicana 2026 | ETIAS Consultant Simulator,ETIAS República Dominicana 2026,https://consultoretias.github.io/Simulador-ETIAS-/etias-republica-dominicana.html,376,"Guía completa ETIAS 2026 para ciudadanos dominicanos. Requisitos, costos, tiempos y simulador gratuito. Obligatorio desde Q4 2026."
https://etias.netlify.app/etias-requisitos-2026.html,200,Requisitos ETIAS 2026 completos | ETIAS Consultant Simulator,Requisitos ETIAS 2026 completos,https://consultoretias.github.io/Simulador-ETIAS-/etias-requisitos-2026.html,376,"Guía completa ETIAS 2026 para requisitos completos. Requisitos, costos, tiempos y simulador gratuito. Obligatorio desde Q4 2026."
https://etias.netlify.app/etias-san-luis-potosi.html,200,ETIAS San Luis Potosí 2026 | ETIAS Consultant Simulator,ETIAS San Luis Potosí 2026,https://consultoretias.github.io/Simulador-ETIAS-/etias-san-luis-potosi.html,387,"Guía completa ETIAS 2026 para ciudadanos de San Luis Potosí. Requisitos, costos, tiempos y simulador gratuito. Obligatorio desde Q4 2026."
https://etias.netlify.app/etias-schengen.html,200,ETIAS y el espacio Schengen explicado | ETIAS Consultant Simulator,ETIAS y el espacio Schengen explicado,https://consultoretias.github.io/Simulador-ETIAS-/etias-schengen.html,382,"Guía completa ETIAS 2026 para espacio Schengen. Requisitos, costos, tiempos y simulador gratuito. Obligatorio desde Q4 2026."
https://etias.netlify.app/etias-simulador-nuevo.html,200,ETIAS Agente Autorizado,MISSING,MISSING,3,Gestión de solicitudes ETIAS · Agente Autorizado · Art. 67 Reglamento UE 2018/1240
https://etias.netlify.app/etias-sinaloa.html,200,ETIAS Sinaloa 2026 | ETIAS Consultant Simulator,ETIAS Sinaloa 2026,https://consultoretias.github.io/Simulador-ETIAS-/etias-sinaloa.html,373,"Guía completa ETIAS 2026 para ciudadanos de Sinaloa. Requisitos, costos, tiempos y simulador gratuito. Obligatorio desde Q4 2026."
https://etias.netlify.app/etias-solicitud-ultima-hora.html,200,ETIAS de última hora: ¿se puede aprobar en 24 horas?,ETIAS de Última Hora: Tiempos Reales y Qué Hacer,https://consultoretias.github.io/Simulador-ETIAS-/etias-solicitud-ultima-hora.html,392,¿Necesitas ETIAS urgente para viajar en menos de 48 horas? Guía sobre tiempos reales de aprobación y opciones si el tiempo es crítico.
https://etias.netlify.app/etias-sonora.html,200,ETIAS Sonora 2026 | ETIAS Consultant Simulator,ETIAS Sonora 2026,https://consultoretias.github.io/Simulador-ETIAS-/etias-sonora.html,373,"Guía completa ETIAS 2026 para ciudadanos de Sonora. Requisitos, costos, tiempos y simulador gratuito. Obligatorio desde Q4 2026."
https://etias.netlify.app/etias-tabasco.html,200,ETIAS Tabasco 2026 | ETIAS Consultant Simulator,ETIAS Tabasco 2026,https://consultoretias.github.io/Simulador-ETIAS-/etias-tabasco.html,373,"Guía completa ETIAS 2026 para ciudadanos de Tabasco. Requisitos, costos, tiempos y simulador gratuito. Obligatorio desde Q4 2026."
https://etias.netlify.app/etias-tamaulipas.html,200,ETIAS Tamaulipas 2026 | ETIAS Consultant Simulator,ETIAS Tamaulipas 2026,https://consultoretias.github.io/Simulador-ETIAS-/etias-tamaulipas.html,373,"Guía completa ETIAS 2026 para ciudadanos de Tamaulipas. Requisitos, costos, tiempos y simulador gratuito. Obligatorio desde Q4 2026."
https://etias.netlify.app/etias-tiempo-revision-extended.html,200,ETIAS en revisión extendida: cuánto tarda y qué hacer,ETIAS en Revisión Extendida: Tiempos y Acciones,https://consultoretias.github.io/Simulador-ETIAS-/etias-tiempo-revision-extended.html,382,"¿Tu ETIAS lleva más de 96 horas en revisión? Guía sobre qué significa, cuánto puede tardar y qué hacer mientras esperas."
https://etias.netlify.app/etias-tlaxcala.html,200,ETIAS Tlaxcala 2026 | ETIAS Consultant Simulator,ETIAS Tlaxcala 2026,https://consultoretias.github.io/Simulador-ETIAS-/etias-tlaxcala.html,373,"Guía completa ETIAS 2026 para ciudadanos de Tlaxcala. Requisitos, costos, tiempos y simulador gratuito. Obligatorio desde Q4 2026."
https://etias.netlify.app/etias-trabajo-irregular-europa.html,200,ETIAS si trabajé sin papeles en Europa antes,ETIAS si Trabajaste Irregularmente en Europa: Qué Esperar,https://consultoretias.github.io/Simulador-ETIAS-/etias-trabajo-irregular-europa.html,390,"¿Trabajaste sin documentos en Europa y ahora quieres solicitar ETIAS? Guía honesta sobre riesgos, opciones y cómo proteger tu caso."
https://etias.netlify.app/etias-transportistas-logistica.html,200,ETIAS para trabajadores de logística y transporte latinoamericanos,ETIAS para Logística y Transporte: Viajes Profesionales a Europa,https://consultoretias.github.io/Simulador-ETIAS-/etias-transportistas-logistica.html,397,"Guía ETIAS para profesionales de logística, transporte y nearshoring latinoamericanos que viajan a Europa por negocios."
https://etias.netlify.app/etias-urgente.html,200,ETIAS urgente: solicitud de última hora | ETIAS Consultant Simulator,ETIAS urgente: solicitud de última hora,https://consultoretias.github.io/Simulador-ETIAS-/etias-urgente.html,382,"Guía completa ETIAS 2026 para solicitud urgente. Requisitos, costos, tiempos y simulador gratuito. Obligatorio desde Q4 2026."
https://etias.netlify.app/etias-uruguay.html,200,ETIAS Uruguay 2026 | ETIAS Consultant Simulator,ETIAS Uruguay 2026,https://consultoretias.github.io/Simulador-ETIAS-/etias-uruguay.html,371,"Guía completa ETIAS 2026 para ciudadanos uruguayos. Requisitos, costos, tiempos y simulador gratuito. Obligatorio desde Q4 2026."
https://etias.netlify.app/etias-venezuela-adultos-mayores.html,200,ETIAS Adultos Mayores Venezolanos 2026,ETIAS para Adultos Mayores Venezolanos,https://consultoretias.github.io/Simulador-ETIAS-/etias-venezuela-adultos-mayores.html,106,Mayores de 70 años con pasaporte venezolano están exentos del pago de ETIAS.
https://etias.netlify.app/etias-venezuela-como-solicitar.html,200,Cómo Solicitar ETIAS desde Venezuela 2026,Cómo Solicitar ETIAS si Eres Venezolano,https://consultoretias.github.io/Simulador-ETIAS-/etias-venezuela-como-solicitar.html,108,Guía paso a paso para solicitar ETIAS con pasaporte venezolano vigente.
https://etias.netlify.app/etias-venezuela-costo.html,200,Cuánto Cuesta ETIAS para Venezolanos 2026,Costo ETIAS para Venezolanos,https://consultoretias.github.io/Simulador-ETIAS-/etias-venezuela-costo.html,115,ETIAS cuesta €7 euros para ciudadanos venezolanos. aprox. $7 USD (pago en divisas requerido).
https://etias.netlify.app/etias-venezuela-espana.html,200,ETIAS Venezuela a España 2026,ETIAS para Venezolanos que Viajan a España,https://consultoretias.github.io/Simulador-ETIAS-/etias-venezuela-espana.html,112,España concentra más de 400.000 venezolanos. Guía ETIAS para la ruta Venezuela-España 2026.
https://etias.netlify.app/etias-venezuela-menores.html,200,ETIAS Menores Venezolanos 2026,ETIAS para Menores con Pasaporte Venezolano,https://consultoretias.github.io/Simulador-ETIAS-/etias-venezuela-menores.html,106,Guía ETIAS para familias venezolanas que viajan a Europa con menores.
https://etias.netlify.app/etias-venezuela-negocios.html,200,ETIAS Negocios Venezuela Europa 2026,ETIAS para Viajeros de Negocios Venezolanos,https://consultoretias.github.io/Simulador-ETIAS-/etias-venezuela-negocios.html,105,ETIAS cubre viajes de negocios hasta 90 días desde Venezuela a Europa.
https://etias.netlify.app/etias-venezuela-preguntas-frecuentes.html,200,FAQ ETIAS Venezuela 2026,Preguntas Frecuentes ETIAS Venezuela,https://consultoretias.github.io/Simulador-ETIAS-/etias-venezuela-preguntas-frecuentes.html,101,Respuestas a las preguntas más frecuentes sobre ETIAS para venezolanos.
https://etias.netlify.app/etias-venezuela-rechazo.html,200,Rechazo ETIAS Venezolanos 2026,Causas de Rechazo ETIAS para Venezolanos,https://consultoretias.github.io/Simulador-ETIAS-/etias-venezuela-rechazo.html,108,Conoce las causas de rechazo de ETIAS para ciudadanos de Venezuela.
https://etias.netlify.app/etias-venezuela-requisitos.html,200,Requisitos ETIAS para Venezolanos 2026,Requisitos ETIAS para Venezolanos,https://consultoretias.github.io/Simulador-ETIAS-/etias-venezuela-requisitos.html,111,Lista completa de requisitos ETIAS para pasaporte venezolano en 2026.
https://etias.netlify.app/etias-venezuela-turismo.html,200,ETIAS Turismo Venezuela Europa 2026,ETIAS para Turistas Venezolanos en Europa,https://consultoretias.github.io/Simulador-ETIAS-/etias-venezuela-turismo.html,110,Todo sobre ETIAS para turistas venezolanos en Europa 2026.
https://etias.netlify.app/etias-venezuela-vigencia.html,200,Vigencia ETIAS para Venezolanos 2026,Vigencia de ETIAS para Pasaporte Venezolano,https://consultoretias.github.io/Simulador-ETIAS-/etias-venezuela-vigencia.html,113,ETIAS para venezolanos dura 3 años o hasta que venza el pasaporte.
https://etias.netlify.app/etias-venezuela-vs-visa.html,200,ETIAS vs Visa Schengen para Venezolanos,ETIAS vs Visa Schengen Venezuela,https://consultoretias.github.io/Simulador-ETIAS-/etias-venezuela-vs-visa.html,107,¿Necesitas visa o ETIAS para ir a Europa con pasaporte venezolano vigente?
https://etias.netlify.app/etias-venezuela.html,200,ETIAS Venezuela 2026 | ETIAS Consultant Simulator,ETIAS Venezuela 2026,https://consultoretias.github.io/Simulador-ETIAS-/etias-venezuela.html,371,"Guía completa ETIAS 2026 para ciudadanos venezolanos. Requisitos, costos, tiempos y simulador gratuito. Obligatorio desde Q4 2026."
https://etias.netlify.app/etias-veracruz.html,200,ETIAS Veracruz 2026 | ETIAS Consultant Simulator,ETIAS Veracruz 2026,https://consultoretias.github.io/Simulador-ETIAS-/etias-veracruz.html,373,"Guía completa ETIAS 2026 para ciudadanos de Veracruz. Requisitos, costos, tiempos y simulador gratuito. Obligatorio desde Q4 2026."
https://etias.netlify.app/etias-viajar-alemania.html,200,ETIAS para viajar a Alemania 2026 | ETIAS Consultant Simulator,ETIAS para viajar a Alemania 2026,https://consultoretias.github.io/Simulador-ETIAS-/etias-viajar-alemania.html,382,"Guía completa ETIAS 2026 para viaje a Alemania. Requisitos, costos, tiempos y simulador gratuito. Obligatorio desde Q4 2026."
https://etias.netlify.app/etias-viajar-austria.html,200,ETIAS para viajar a Austria 2026 | ETIAS Consultant Simulator,ETIAS para viajar a Austria 2026,https://consultoretias.github.io/Simulador-ETIAS-/etias-viajar-austria.html,382,"Guía completa ETIAS 2026 para viaje a Austria. Requisitos, costos, tiempos y simulador gratuito. Obligatorio desde Q4 2026."
https://etias.netlify.app/etias-viajar-belgica.html,200,ETIAS para viajar a Bélgica 2026 | ETIAS Consultant Simulator,ETIAS para viajar a Bélgica 2026,https://consultoretias.github.io/Simulador-ETIAS-/etias-viajar-belgica.html,382,"Guía completa ETIAS 2026 para viaje a Bélgica. Requisitos, costos, tiempos y simulador gratuito. Obligatorio desde Q4 2026."
https://etias.netlify.app/etias-viajar-dinamarca.html,200,ETIAS para viajar a Dinamarca 2026 | ETIAS Consultant Simulator,ETIAS para viajar a Dinamarca 2026,https://consultoretias.github.io/Simulador-ETIAS-/etias-viajar-dinamarca.html,382,"Guía completa ETIAS 2026 para viaje a Dinamarca. Requisitos, costos, tiempos y simulador gratuito. Obligatorio desde Q4 2026."
https://etias.netlify.app/etias-viajar-espana.html,200,ETIAS para viajar a España 2026 | ETIAS Consultant Simulator,ETIAS para viajar a España 2026,https://consultoretias.github.io/Simulador-ETIAS-/etias-viajar-espana.html,382,"Guía completa ETIAS 2026 para viaje a España. Requisitos, costos, tiempos y simulador gratuito. Obligatorio desde Q4 2026."
https://etias.netlify.app/etias-viajar-francia.html,200,ETIAS para viajar a Francia 2026 | ETIAS Consultant Simulator,ETIAS para viajar a Francia 2026,https://consultoretias.github.io/Simulador-ETIAS-/etias-viajar-francia.html,382,"Guía completa ETIAS 2026 para viaje a Francia. Requisitos, costos, tiempos y simulador gratuito. Obligatorio desde Q4 2026."
https://etias.netlify.app/etias-viajar-grecia.html,200,ETIAS para viajar a Grecia 2026 | ETIAS Consultant Simulator,ETIAS para viajar a Grecia 2026,https://consultoretias.github.io/Simulador-ETIAS-/etias-viajar-grecia.html,382,"Guía completa ETIAS 2026 para viaje a Grecia. Requisitos, costos, tiempos y simulador gratuito. Obligatorio desde Q4 2026."
https://etias.netlify.app/etias-viajar-holanda.html,200,ETIAS para viajar a Holanda 2026 | ETIAS Consultant Simulator,ETIAS para viajar a Holanda 2026,https://consultoretias.github.io/Simulador-ETIAS-/etias-viajar-holanda.html,382,"Guía completa ETIAS 2026 para viaje a Holanda. Requisitos, costos, tiempos y simulador gratuito. Obligatorio desde Q4 2026."
https://etias.netlify.app/etias-viajar-italia.html,200,ETIAS para viajar a Italia 2026 | ETIAS Consultant Simulator,ETIAS para viajar a Italia 2026,https://consultoretias.github.io/Simulador-ETIAS-/etias-viajar-italia.html,382,"Guía completa ETIAS 2026 para viaje a Italia. Requisitos, costos, tiempos y simulador gratuito. Obligatorio desde Q4 2026."
https://etias.netlify.app/etias-viajar-noruega.html,200,ETIAS para viajar a Noruega 2026 | ETIAS Consultant Simulator,ETIAS para viajar a Noruega 2026,https://consultoretias.github.io/Simulador-ETIAS-/etias-viajar-noruega.html,382,"Guía completa ETIAS 2026 para viaje a Noruega. Requisitos, costos, tiempos y simulador gratuito. Obligatorio desde Q4 2026."
https://etias.netlify.app/etias-viajar-polonia.html,200,ETIAS para viajar a Polonia 2026 | ETIAS Consultant Simulator,ETIAS para viajar a Polonia 2026,https://consultoretias.github.io/Simulador-ETIAS-/etias-viajar-polonia.html,382,"Guía completa ETIAS 2026 para viaje a Polonia. Requisitos, costos, tiempos y simulador gratuito. Obligatorio desde Q4 2026."
https://etias.netlify.app/etias-viajar-portugal.html,200,ETIAS para viajar a Portugal 2026 | ETIAS Consultant Simulator,ETIAS para viajar a Portugal 2026,https://consultoretias.github.io/Simulador-ETIAS-/etias-viajar-portugal.html,382,"Guía completa ETIAS 2026 para viaje a Portugal. Requisitos, costos, tiempos y simulador gratuito. Obligatorio desde Q4 2026."
https://etias.netlify.app/etias-viajar-republica-checa.html,200,ETIAS para viajar a República Checa 2026 | ETIAS Consultant Simulator,ETIAS para viajar a República Checa 2026,https://consultoretias.github.io/Simulador-ETIAS-/etias-viajar-republica-checa.html,389,"Guía completa ETIAS 2026 para viaje a República Checa. Requisitos, costos, tiempos y simulador gratuito. Obligatorio desde Q4 2026."
https://etias.netlify.app/etias-viajar-suecia.html,200,ETIAS para viajar a Suecia 2026 | ETIAS Consultant Simulator,ETIAS para viajar a Suecia 2026,https://consultoretias.github.io/Simulador-ETIAS-/etias-viajar-suecia.html,382,"Guía completa ETIAS 2026 para viaje a Suecia. Requisitos, costos, tiempos y simulador gratuito. Obligatorio desde Q4 2026."
https://etias.netlify.app/etias-viajar-suiza.html,200,ETIAS para viajar a Suiza 2026 | ETIAS Consultant Simulator,ETIAS para viajar a Suiza 2026,https://consultoretias.github.io/Simulador-ETIAS-/etias-viajar-suiza.html,382,"Guía completa ETIAS 2026 para viaje a Suiza. Requisitos, costos, tiempos y simulador gratuito. Obligatorio desde Q4 2026."
https://etias.netlify.app/etias-viaje-negocios.html,200,ETIAS para viaje de negocios a Europa | ETIAS Consultant Simulator,ETIAS para viaje de negocios a Europa,https://consultoretias.github.io/Simulador-ETIAS-/etias-viaje-negocios.html,389,"Guía completa ETIAS 2026 para viajes de negocios. Requisitos, costos, tiempos y simulador gratuito. Obligatorio desde Q4 2026."
https://etias.netlify.app/etias-visa-negada-previa.html,200,ETIAS si antes me negaron una visa europea,ETIAS con Visa Europea Negada Anteriormente,https://consultoretias.github.io/Simulador-ETIAS-/etias-visa-negada-previa.html,358,¿Te negaron una visa Schengen antes? Descubre cómo afecta a tu solicitud ETIAS y qué documentación preparar.
https://etias.netlify.app/etias-vs-visa.html,200,ETIAS vs Visa Schengen: diferencias | ETIAS Consultant Simulator,ETIAS vs Visa Schengen: diferencias,https://consultoretias.github.io/Simulador-ETIAS-/etias-vs-visa.html,383,"Guía completa ETIAS 2026 para diferencia con visa. Requisitos, costos, tiempos y simulador gratuito. Obligatorio desde Q4 2026."
https://etias.netlify.app/etias-widget.html,200,MISSING,MISSING,MISSING,28,MISSING
https://etias.netlify.app/etias-yucatan.html,200,ETIAS Yucatán 2026 | ETIAS Consultant Simulator,ETIAS Yucatán 2026,https://consultoretias.github.io/Simulador-ETIAS-/etias-yucatan.html,373,"Guía completa ETIAS 2026 para ciudadanos de Yucatán. Requisitos, costos, tiempos y simulador gratuito. Obligatorio desde Q4 2026."
https://etias.netlify.app/etias-zacatecas.html,200,ETIAS Zacatecas 2026 | ETIAS Consultant Simulator,ETIAS Zacatecas 2026,https://consultoretias.github.io/Simulador-ETIAS-/etias-zacatecas.html,373,"Guía completa ETIAS 2026 para ciudadanos de Zacatecas. Requisitos, costos, tiempos y simulador gratuito. Obligatorio desde Q4 2026."
https://etias.netlify.app/googleb3774603a75b32a8.html,200,MISSING,MISSING,MISSING,2,MISSING
https://etias.netlify.app/index.html,200,ETIAS México 2026 — Tramita tu autorización de viaje a Europa,MISSING,MISSING,11,"Tramita tu ETIAS para viajar a Europa desde México, Argentina, Brasil, Colombia y Uruguay. Simulador · Pase Electrónico de Viaje ✈️ Art. 67 Reg. UE 2018/1240. Tarifa oficial €20. Lanzamiento Q4 2026."
https://etias.netlify.app/representacion-etias.html,200,Representación ETIAS — Intermediario Comercial · México & LATAM,"Tu ETIAS,gestionado por expertos",MISSING,531,Gestionamos tu ETIAS como intermediario comercial reconocido por el Reglamento UE 2018/1240. Declaración de Representación incluida.
